<application>
  <component name="FeatureSuggesterSettings">
    <option name="workingDays">
      <list>
        <option value="1656402859003" />
        <option value="1656490879723" />
        <option value="1656597193856" />
        <option value="1657007579789" />
        <option value="1657115659021" />
        <option value="1657281431530" />
        <option value="1657530186024" />
        <option value="1657610633979" />
        <option value="1657700683327" />
        <option value="1657809750334" />
        <option value="1658127443902" />
        <option value="1658231229843" />
        <option value="1658300066761" />
        <option value="1658474971849" />
        <option value="1658835928251" />
        <option value="1658910416760" />
        <option value="1658993540387" />
        <option value="1659080875965" />
        <option value="1659352940266" />
        <option value="1659960690199" />
        <option value="1660312525502" />
        <option value="1660639639845" />
        <option value="1660720634044" />
        <option value="1660805071811" />
        <option value="1660898022593" />
        <option value="1661154129819" />
        <option value="1661236863547" />
        <option value="1661322567801" />
        <option value="1662360388905" />
        <option value="1662449195303" />
      </list>
    </option>
  </component>
</application>